id;name;email;phone;is_whats_app_enabled;prefered_language;is_active;createdd_by;created_time;updated_by;updated_time
1;paltry hose discourse;"1@~Z?L.<0U";8424521213;true;Malyalam;true;petal;2025-03-26T00:13:07;before damp around;2025-03-26T02:11:13
2;anti;"pd?@S?!2J.MaTBg";3990259641;false;Marathi;false;up neck;2025-03-26T00:56:57;during who wherever;2025-03-26T13:36:53
3;psst;"<>L@{]w|;.|\G0%#";5474197724;true;Hindi;false;urgently fuss;2025-03-26T04:48:38;cellar;2025-03-26T16:27:30
4;discrete liberalize;"Ilu@*.R";7521329504;true;Panjabi;true;widow sedately;2025-03-25T20:18:44;reassuringly eek;2025-03-26T06:52:21
5;wisely before;"h@xq+yU?.6u=D";4670296946;true;Malyalam;false;swift individual;2025-03-26T14:43:03;flawless veg woot;2025-03-26T08:56:30
6;whoever wire;"kB!9bx@O7z.8+KcA";4749281392;false;English;true;minister search;2025-03-26T15:46:54;nor that;2025-03-26T05:23:13
7;eek fooey yippee;"D@0<..#8sW";6057338314;false;Tamil;true;under warmly after;2025-03-25T22:10:18;orange;2025-03-26T03:23:25
8;for section outrank;"BI%@PlJ8jW.m)m32";6301380949;true;Malyalam;false;times but;2025-03-25T22:08:00;scarcely sleepily;2025-03-26T08:21:10
9;suburban;"Vo'M@A_VI.fftCq|";6695750106;true;Telegu;false;boohoo contrast;2025-03-26T16:57:41;who memorable;2025-03-26T15:34:53
10;what busily uncork;"\x@~.f-]g-";3099602762;true;English;false;excitedly than hope;2025-03-26T12:09:26;yearly voluntarily commandeer;2025-03-25T20:15:23
