id;uploaded_date;uploaded_time;file_name;uploaded_by;status;is_active;createdd_by;created_time;updated_by;updated_time
1;2025-03-26;2025-03-26T05:07:31;interestingly forenenst yahoo;ick;ErrorInProcess;true;exterior;2025-03-26T18:20:22;disposer;2025-03-25T20:21:32
2;2025-03-26;2025-03-26T15:45:53;frequent improbable knowledgeably;following;ErrorInProcess;true;ack boo happy-go-lucky;2025-03-26T07:33:22;ponder;2025-03-26T01:44:37
3;2025-03-25;2025-03-26T16:33:30;violently merrily;warlike;ErrorInProcess;true;meanwhile but uh-huh;2025-03-26T09:54:16;impanel invite;2025-03-25T20:10:01
4;2025-03-26;2025-03-25T18:42:43;reward;rapidly;ErrorInUpload;false;wonderful proliferate quizzically;2025-03-26T17:28:50;cleverly gee;2025-03-26T01:43:12
5;2025-03-25;2025-03-26T06:34:08;throughout chilly yearly;indeed scope;ErrorInProcess;true;concerning;2025-03-26T04:28:32;vein hydrocarbon;2025-03-26T14:50:28
6;2025-03-26;2025-03-25T23:21:02;character though dearly;reservation when;Init;false;eek sunny aw;2025-03-26T12:04:23;excepting;2025-03-25T20:08:43
7;2025-03-26;2025-03-26T06:38:22;consequently;drat;ErrorInUpload;false;why fuzzy faithfully;2025-03-26T07:06:07;cheerfully;2025-03-25T20:52:02
8;2025-03-26;2025-03-25T22:12:30;before;thyme deliberately;Processed;false;ceramics sunbeam;2025-03-26T06:06:38;even;2025-03-26T04:34:19
9;2025-03-26;2025-03-26T01:51:45;indeed sting import;as chilly;Other;false;hm;2025-03-26T09:43:32;swath while;2025-03-26T11:55:14
10;2025-03-25;2025-03-26T05:14:57;as past;comb sell alb;Other;true;inside part;2025-03-26T02:06:51;kiss;2025-03-26T04:48:12
