id;doc_path;doc_type;doc_format;is_active;createdd_by;created_time;updated_by;updated_time
1;gah readjust;FarmDocument;Image;true;kick mixture;2025-03-23T20:47:43;joshingly unto where;2025-03-24T02:43:00
2;inside vice;Other;Pdf;true;posh;2025-03-23T20:39:38;ecstatic whereas;2025-03-24T15:30:42
3;upbeat under;BankStatement;Pdf;false;zen upon supposing;2025-03-24T06:12:31;fooey openly triangular;2025-03-23T21:14:42
4;hmph gosh boo;ProfileImage;Other;true;powerfully behind among;2025-03-23T18:47:22;which shoulder;2025-03-23T23:21:55
5;colonialism trolley;BankStatement;Other;true;coin ectoderm;2025-03-24T09:44:09;necklace cleave wordy;2025-03-23T19:17:23
6;which ick;CanceledCheque;Image;false;cork sometimes;2025-03-24T10:53:30;hidden;2025-03-24T10:15:51
7;however ha gently;IdProof;Other;true;loosely sew;2025-03-24T04:25:55;manipulate against;2025-03-23T21:36:26
8;pharmacopoeia oh masterpiece;AddressProof;Pdf;false;which legend wasteful;2025-03-23T23:43:23;solvency worriedly acidly;2025-03-24T16:17:06
9;likewise excepting;AddressProof;Image;true;given if;2025-03-24T11:50:30;lovingly reapply mismatch;2025-03-23T20:46:36
10;laughter intellect busily;FarmDocument;Image;true;pale aha border;2025-03-24T03:54:24;because sweetly even;2025-03-23T22:01:16
