id;email;email_otp;phone;phone_otp;is_validated;expiry_time;is_active;createdd_by;created_time;updated_by;updated_time
1;"E@GQlsy.n[W";18019;8653;32126;false;2025-03-23T20:03:05;true;till stump despite;2025-03-24T13:08:18;ha;2025-03-24T04:00:30
2;">=&?@l.L\";12084;25010;15688;true;2025-03-24T16:52:04;true;muscat to toward;2025-03-24T08:03:36;feline tighten;2025-03-24T12:41:37
3;"&3}@f.i";31978;14742;18479;false;2025-03-24T01:25:09;false;merrily inasmuch e-mail;2025-03-24T17:06:39;judgementally amongst intervention;2025-03-24T00:57:17
4;"FJJ4(a@2d.f";28252;15287;3910;true;2025-03-24T01:58:08;false;consistency resource;2025-03-24T06:57:52;suddenly enhance;2025-03-24T01:14:12
5;"{n2@x`.\";21973;3261;19074;true;2025-03-24T15:25:10;false;shipper;2025-03-24T16:13:39;opposite;2025-03-24T04:50:09
6;"tW@(NNr^K.Rw_";31493;1365;19765;false;2025-03-24T11:47:35;true;gah;2025-03-24T17:13:15;issue department;2025-03-23T20:08:51
7;"/Cgdx>@vBD%r./4NcL";30412;20460;18080;true;2025-03-23T20:51:49;false;if unearth;2025-03-24T07:40:41;huzzah portly scaffold;2025-03-24T09:14:20
8;"f*kJ@3(|.w[y";3371;8995;30074;false;2025-03-24T14:07:30;true;promise french;2025-03-24T11:33:16;geez;2025-03-24T01:49:20
9;"T8[8Pl@l.;Cp;";13794;29318;5889;false;2025-03-24T02:02:21;true;drive separately;2025-03-24T14:21:00;radiant;2025-03-24T12:42:49
10;"C5@VD?).(*";21199;11318;18782;true;2025-03-24T07:00:26;false;lest;2025-03-24T15:31:47;enchanted pace enchanted;2025-03-24T03:08:44
