id;pan;name;date_of_birth;gender;country;is_verified;verification_time;is_active;createdd_by;created_time;updated_by;updated_time
1;coarse provision orange;upwardly;2025-03-24;Male;Nepal;false;2025-03-25T03:50:21;false;colour ferociously ideal;2025-03-24T22:35:53;wobbly pfft;2025-03-24T15:39:03
2;atomize;notarize;2025-03-25;Female;Croatia;true;2025-03-24T17:30:28;true;fooey at;2025-03-24T16:04:34;sneak clearly;2025-03-25T00:08:29
3;blah absent grandson;midst zowie secret;2025-03-24;Male;Micronesia;true;2025-03-24T18:49:39;false;scarification sore;2025-03-24T11:52:48;creature;2025-03-25T03:52:40
4;digestive elevator;geez;2025-03-24;Male;South Georgia and the South Sandwich Islands;false;2025-03-24T22:48:13;false;valiantly absent;2025-03-25T06:03:42;yowza stable;2025-03-24T19:35:43
5;for svelte design;where;2025-03-24;Male;Eswatini;false;2025-03-25T02:13:59;true;mechanically parade while;2025-03-24T21:00:30;mosh;2025-03-24T11:39:52
6;after scrap ha;evince;2025-03-25;Other;Uganda;false;2025-03-25T03:38:30;true;inexperienced aw;2025-03-24T21:39:08;even;2025-03-24T16:37:35
7;lucky;quickly;2025-03-24;Other;Spain;false;2025-03-24T17:58:21;false;toward how materialise;2025-03-25T01:52:05;gah;2025-03-25T02:27:05
8;brr;if quaintly;2025-03-25;Female;Eritrea;true;2025-03-25T05:53:03;true;once about;2025-03-25T01:04:03;nor worth;2025-03-25T07:15:12
9;worth safeguard scar;pish;2025-03-25;Male;Qatar;false;2025-03-24T22:08:58;true;even;2025-03-25T03:17:13;likewise unless;2025-03-24T13:31:57
10;and;wherever;2025-03-25;Other;Switzerland;false;2025-03-24T13:43:30;false;uncomfortable eek even;2025-03-24T12:44:30;but after dividend;2025-03-24T18:30:09
