id;payment_status;transaction_id;payment_date;details;payment_updated_by;payment_updated_time;is_active;createdd_by;created_time;updated_by;updated_time
1;Initiated;now;2025-03-25;enthusiastically spotless override;afore;2025-03-25T06:31:46;false;consequently nor;2025-03-25T00:39:09;superficial;2025-03-25T05:58:04
2;Paid;without log yesterday;2025-03-25;misspend after;hm yet throughout;2025-03-24T21:29:07;true;stratify;2025-03-24T18:31:12;till;2025-03-24T15:06:08
3;Paid;until probate;2025-03-24;fervently lift;all whose;2025-03-25T00:50:35;false;how;2025-03-24T22:41:35;lighthearted;2025-03-25T07:07:35
4;Confirmed;toothbrush nicely;2025-03-25;emphasise given;quiet;2025-03-24T23:42:49;true;woot both;2025-03-24T17:29:33;jubilantly within guilt;2025-03-25T05:26:08
5;Other;loftily;2025-03-24;gah colorize;whoever nicely;2025-03-24T18:36:02;false;naughty blah;2025-03-25T00:25:45;diligent;2025-03-25T11:08:13
6;Confirmed;free;2025-03-25;above quaintly as;astonishing venom so;2025-03-25T03:43:47;true;against behind;2025-03-24T17:43:59;gosh except equally;2025-03-24T22:27:10
7;Confirmed;violent;2025-03-25;toward drat;convince however cake;2025-03-24T21:37:35;true;meaty absent;2025-03-25T07:44:34;whether perfectly excluding;2025-03-25T12:33:33
8;Pending;functional foot gladly;2025-03-24;memorable where instruction;steak;2025-03-24T23:44:16;false;overcook impressive;2025-03-24T19:10:41;however;2025-03-24T14:23:57
9;Pending;hungrily preheat kooky;2025-03-25;towards limping;boo seriously;2025-03-24T14:47:17;false;distinction cheerfully duh;2025-03-24T21:42:59;spotless council scaly;2025-03-25T02:19:30
10;Confirmed;toward appropriate warped;2025-03-25;outrank quash;bony boldly um;2025-03-24T19:56:03;false;er;2025-03-25T08:18:13;phew regarding altruistic;2025-03-24T16:08:49
